Workbook

Sheet Radar Inputs
A1: Parameter | B1: Value | C1: Unit
A2: Speed of Light | B2: 300000000 | C2: m/s
A3: Actual Target Distance | B3: 3000 | C3: m
A4: Timing Noise Standard Deviation | B4: 0.01 | C4: us
A5: Number of Measurements | B5: 10 | C5: samples

Sheet Range Simulation
A1: Measurement | B1: Actual Distance(m) | C1: Round Trip Time(s) | D1: Round Trip Time(us) | E1: Measured Time(us) | F1: Estimated Distance(m) | G1: Estimation Error(m) | H1: Absolute Error(m)
A2: =ROW( )-1 -> 1 | B2: ='Radar Inputs'!$B$3 -> 3000 | C2: =2*B2/'Radar Inputs'!$B$2 -> 2e-05 | D2: =C2*1000000 -> 20 | E2: =D2+_xlfn.NORM.S.INV(RAND())*'Radar Inputs'!$B$4 -> 19.983612 | F2: ='Radar Inputs'!$B$2*E2/1000000/2 -> 2997.5419 | G2: =F2-B2 -> -2.4581486 | H2: =ABS(G2) -> 2.4581486
A3: =ROW( )-1 -> 2 | B3: ='Radar Inputs'!$B$3 -> 3000 | C3: =2*B3/'Radar Inputs'!$B$2 -> 2e-05 | D3: =C3*1000000 -> 20 | E3: =D3+_xlfn.NORM.S.INV(RAND())*'Radar Inputs'!$B$4 -> 20.002745 | F3: ='Radar Inputs'!$B$2*E3/1000000/2 -> 3000.4117 | G3: =F3-B3 -> 0.41173751 | H3: =ABS(G3) -> 0.41173751
A4: =ROW( )-1 -> 3 | B4: ='Radar Inputs'!$B$3 -> 3000 | C4: =2*B4/'Radar Inputs'!$B$2 -> 2e-05 | D4: =C4*1000000 -> 20 | E4: =D4+_xlfn.NORM.S.INV(RAND())*'Radar Inputs'!$B$4 -> 19.991635 | F4: ='Radar Inputs'!$B$2*E4/1000000/2 -> 2998.7452 | G4: =F4-B4 -> -1.2548008 | H4: =ABS(G4) -> 1.2548008
A5: =ROW( )-1 -> 4 | B5: ='Radar Inputs'!$B$3 -> 3000 | C5: =2*B5/'Radar Inputs'!$B$2 -> 2e-05 | D5: =C5*1000000 -> 20 | E5: =D5+_xlfn.NORM.S.INV(RAND())*'Radar Inputs'!$B$4 -> 20.012956 | F5: ='Radar Inputs'!$B$2*E5/1000000/2 -> 3001.9433 | G5: =F5-B5 -> 1.9433498 | H5: =ABS(G5) -> 1.9433498
A6: =ROW( )-1 -> 5 | B6: ='Radar Inputs'!$B$3 -> 3000 | C6: =2*B6/'Radar Inputs'!$B$2 -> 2e-05 | D6: =C6*1000000 -> 20 | E6: =D6+_xlfn.NORM.S.INV(RAND())*'Radar Inputs'!$B$4 -> 20.006112 | F6: ='Radar Inputs'!$B$2*E6/1000000/2 -> 3000.9168 | G6: =F6-B6 -> 0.91679922 | H6: =ABS(G6) -> 0.91679922
A7: =ROW( )-1 -> 6 | B7: ='Radar Inputs'!$B$3 -> 3000 | C7: =2*B7/'Radar Inputs'!$B$2 -> 2e-05 | D7: =C7*1000000 -> 20 | E7: =D7+_xlfn.NORM.S.INV(RAND())*'Radar Inputs'!$B$4 -> 19.975971 | F7: ='Radar Inputs'!$B$2*E7/1000000/2 -> 2996.3957 | G7: =F7-B7 -> -3.6042906 | H7: =ABS(G7) -> 3.6042906
A8: =ROW( )-1 -> 7 | B8: ='Radar Inputs'!$B$3 -> 3000 | C8: =2*B8/'Radar Inputs'!$B$2 -> 2e-05 | D8: =C8*1000000 -> 20 | E8: =D8+_xlfn.NORM.S.INV(RAND())*'Radar Inputs'!$B$4 -> 20.021019 | F8: ='Radar Inputs'!$B$2*E8/1000000/2 -> 3003.1528 | G8: =F8-B8 -> 3.1528359 | H8: =ABS(G8) -> 3.1528359
A9: =ROW( )-1 -> 8 | B9: ='Radar Inputs'!$B$3 -> 3000 | C9: =2*B9/'Radar Inputs'!$B$2 -> 2e-05 | D9: =C9*1000000 -> 20 | E9: =D9+_xlfn.NORM.S.INV(RAND())*'Radar Inputs'!$B$4 -> 20.016522 | F9: ='Radar Inputs'!$B$2*E9/1000000/2 -> 3002.4784 | G9: =F9-B9 -> 2.4783619 | H9: =ABS(G9) -> 2.4783619
A10: =ROW( )-1 -> 9 | B10: ='Radar Inputs'!$B$3 -> 3000 | C10: =2*B10/'Radar Inputs'!$B$2 -> 2e-05 | D10: =C10*1000000 -> 20 | E10: =D10+_xlfn.NORM.S.INV(RAND())*'Radar Inputs'!$B$4 -> 20.010469 | F10: ='Radar Inputs'!$B$2*E10/1000000/2 -> 3001.5704 | G10: =F10-B10 -> 1.5703603 | H10: =ABS(G10) -> 1.5703603
A11: =ROW( )-1 -> 10 | B11: ='Radar Inputs'!$B$3 -> 3000 | C11: =2*B11/'Radar Inputs'!$B$2 -> 2e-05 | D11: =C11*1000000 -> 20 | E11: =D11+_xlfn.NORM.S.INV(RAND())*'Radar Inputs'!$B$4 -> 19.995518 | F11: ='Radar Inputs'!$B$2*E11/1000000/2 -> 2999.3277 | G11: =F11-B11 -> -0.67232911 | H11: =ABS(G11) -> 0.67232911

Sheet Perfomance Analysis
A1: Perfomance Metric | B1: Result | C1: Unit
A2: Actual Target Distance | B2: ='Radar Inputs'!B3 -> 3000 | C2: m
A3: Average Estimated Distance | B3: =AVERAGE('Range Simulation'!F2:F11) -> 3000.2484 | C3: m
A4: Average Signed Error | B4: =AVERAGE('Range Simulation'!G2:G11) -> 0.24838755 | C4: m
A5: Mean Absolute Error | B5: =AVERAGE('Range Simulation'!H2:H11) -> 1.8463014 | C5: m
A6: Maximum Absolute Error | B6: =MAX('Range Simulation'!H2:H11) -> 3.6042906 | C6: m
A7: Minimum Estimated Distance | B7: =MIN('Range Simulation'!F2:F11) -> 2996.3957 | C7: m
A8: Maximum Estimated Distance | B8: =MAX('Range Simulation'!F2:F11) -> 3003.1528 | C8: m
A9: Root Mean Square Error | B9: =SQRT(SUMSQ('Range Simulation'!G2:G11)/COUNT('Range Simulation'!G2:G11)) -> 2.1070192 | C9: m
A10: Standard Deviation of Esimation Errors | B10: =_xlfn.STDEV.S('Range Simulation'!G2:G11) -> 2.2055066 | C10: m
A11: Mean Absolute Percentage Error | B11: =AVERAGE('Range Simulation'!H2:H11)/B2*100 -> 0.061543379 | C11: %

Sheet Noise Sensitivity
A1: Experiment | B1: Timing Noise Std Dev(us) | C1: Theoeretical Range Error Std Dev(m) | D1: Mean Estimated Distance(m) | E1: Mean Absolute Error(m) | F1: RMSE(m) | G1: Observed Error Std Dev(m)
A2: Low Noise | B2: 0.01 | C2: ='Radar Inputs'!$B$2*B2/1000000/2 -> 1.5 | D2: =AVERAGE('Range Simulation'!F2:F11) -> 3000.2484 | E2: =AVERAGE('Range Simulation'!H2:H11) -> 1.8463014 | F2: =SQRT(SUMSQ('Range Simulation'!G2:G11)/COUNT('Range Simulation'!G2:G11)) -> 2.1070192 | G2: =_xlfn.STDEV.S('Range Simulation'!G2:G11) -> 2.2055066
A3: Moderate Noise | B3: 0.1 | C3: ='Radar Inputs'!$B$2*B3/1000000/2 -> 15 | D3: =AVERAGE('Range Simulation'!F3:F12) -> 3000.5491 | E3: =AVERAGE('Range Simulation'!H3:H12) -> 1.7783183 | F3: =SQRT(SUMSQ('Range Simulation'!G3:G12)/COUNT('Range Simulation'!G3:G12)) -> 2.0643213 | G3: =_xlfn.STDEV.S('Range Simulation'!G3:G12) -> 2.1106595
A4: High Noise | B4: 0.5 | C4: ='Radar Inputs'!$B$2*B4/1000000/2 -> 75 | D4: =AVERAGE('Range Simulation'!F4:F13) -> 3000.5663 | E4: =AVERAGE('Range Simulation'!H4:H13) -> 1.949141 | F4: =SQRT(SUMSQ('Range Simulation'!G4:G13)/COUNT('Range Simulation'!G4:G13)) -> 2.1846989 | G4: =_xlfn.STDEV.S('Range Simulation'!G4:G13) -> 2.2557177

Sheet Signal Detection
A1: Scenario | B1: Signal Power | C1: Noise Power | D1: Linear SNR | E1: SNR(dB) | F1: Detection Threshold(dB) | G1: Detection Result
A2: Strong Signal | B2: 100 | C2: 1 | D2: =B2/C2 -> 100 | E2: =10*LOG10(D2) -> 20 | F2: 10 | G2: =IF(E2>=F2,"Signal Detected","Signal Below Threshold") -> Signal Detected
A3: Moderate Signal | B3: 10 | C3: 1 | D3: =B3/C3 -> 10 | E3: =10*LOG10(D3) -> 10 | F3: 10 | G3: =IF(E3>=F3,"Signal Detected","Signal Below Threshold") -> Signal Detected
A4: Weak Signal | B4: 1 | C4: 1 | D4: =B4/C4 -> 1 | E4: =10*LOG10(D4) -> 0 | F4: 10 | G4: =IF(E4>=F4,"Signal Detected","Signal Below Threshold") -> Signal Below Threshold
A5: Very Weak Signal | B5: 0.1 | C5: 1 | D5: =B5/C5 -> 0.1 | E5: =10*LOG10(D5) -> -10 | F5: 10 | G5: =IF(E5>=F5,"Signal Detected","Signal Below Threshold") -> Signal Below Threshold

Sheet Detection Optimisation
A1: Scenario | B1: Signal Power | C1: Noise Power | D1: Linear SNR | E1: SNR (dB) | F1: Detection Threshold (dB) | G1: Detection Result
A2: Baseline | B2: 1 | C2: 1 | D2: =B2/C2 -> 1 | E2: =10*LOG10(D2) -> 0 | F2: 10 | G2: =IF(E2>=F2,"Signal Detected","Signal Below Threshold") -> Signal Below Threshold
A3: Increased Signal Power | B3: 10 | C3: 1 | D3: =B3/C3 -> 10 | E3: =10*LOG10(D3) -> 10 | F3: 10 | G3: =IF(E3>=F3,"Signal Detected","Signal Below Threshold") -> Signal Detected
A4: Reduced Noise Power | B4: 1 | C4: 0.1 | D4: =B4/C4 -> 10 | E4: =10*LOG10(D4) -> 10 | F4: 10 | G4: =IF(E4>=F4,"Signal Detected","Signal Below Threshold") -> Signal Detected
A5: Improved Signal and Reduced Noise | B5: 10 | C5: 0.1 | D5: =B5/C5 -> 100 | E5: =10*LOG10(D5) -> 20 | F5: 10 | G5: =IF(E5>=F5,"Signal Detected","Signal Below Threshold") -> Signal Detected
A6: Stronger Noise | B6: 1 | C6: 10 | D6: =B6/C6 -> 0.1 | E6: =10*LOG10(D6) -> -10 | F6: 10 | G6: =IF(E6>=F6,"Signal Detected","Signal Below Threshold") -> Signal Below Threshold

Sheet Radar Range Power
A1: Target Range(m) | B1: Relative Received Power | C1: Relative Power(dB) | D1: Relative Signal Strength | E1: Detection Threshold(dB) | F1: Detection Result
A2: 500 | B2: =(1000/A2)^4 -> 16 | C2: =10*LOG10(B2) -> 12.0412 | D2: =SQRT(B2) -> 4 | E2: =-20 -> -20 | F2: =IF(C2>=E2,"Above Threshold","Below Threshold") -> Above Threshold
A3: 1000 | B3: =(1000/A3)^4 -> 1 | C3: =10*LOG10(B3) -> 0 | D3: =SQRT(B3) -> 1 | E3: =-20 -> -20 | F3: =IF(C3>=E3,"Above Threshold","Below Threshold") -> Above Threshold
A4: 1500 | B4: =(1000/A4)^4 -> 0.19753086 | C4: =10*LOG10(B4) -> -7.0436504 | D4: =SQRT(B4) -> 0.44444444 | E4: =-20 -> -20 | F4: =IF(C4>=E4,"Above Threshold","Below Threshold") -> Above Threshold
A5: 2000 | B5: =(1000/A5)^4 -> 0.0625 | C5: =10*LOG10(B5) -> -12.0412 | D5: =SQRT(B5) -> 0.25 | E5: =-20 -> -20 | F5: =IF(C5>=E5,"Above Threshold","Below Threshold") -> Above Threshold
A6: 2500 | B6: =(1000/A6)^4 -> 0.0256 | C6: =10*LOG10(B6) -> -15.9176 | D6: =SQRT(B6) -> 0.16 | E6: =-20 -> -20 | F6: =IF(C6>=E6,"Above Threshold","Below Threshold") -> Above Threshold
A7: 3000 | B7: =(1000/A7)^4 -> 0.012345679 | C7: =10*LOG10(B7) -> -19.08485 | D7: =SQRT(B7) -> 0.11111111 | E7: =-20 -> -20 | F7: =IF(C7>=E7,"Above Threshold","Below Threshold") -> Above Threshold
A8: 4000 | B8: =(1000/A8)^4 -> 0.00390625 | C8: =10*LOG10(B8) -> -24.0824 | D8: =SQRT(B8) -> 0.0625 | E8: =-20 -> -20 | F8: =IF(C8>=E8,"Above Threshold","Below Threshold") -> Below Threshold
A9: 5000 | B9: =(1000/A9)^4 -> 0.0016 | C9: =10*LOG10(B9) -> -27.9588 | D9: =SQRT(B9) -> 0.04 | E9: =-20 -> -20 | F9: =IF(C9>=E9,"Above Threshold","Below Threshold") -> Below Threshold

Sheet Integrated Radar Model
A1: Target Range(m) | B1: Round Trip Time(us) | C1: Estimated Range(m) | D1: Relative Received Power | E1: Relative Power(dB) | F1: Detection Threshold(dB) | G1: Detection Status | H1: Range Estimation Error(m)
A2: 500 | B2: =2*A2/'Radar Inputs'!$B$2*1000000 -> 3.3333333 | C2: ='Radar Inputs'!$B$2*B2/1000000/2 -> 500 | D2: =(1000/A2)^4 -> 16 | E2: =10*LOG10(D2) -> 12.0412 | F2: =-20 -> -20 | G2: =IF(E2>=F2,"Above Threshold","Below Threshold") -> Above Threshold | H2: =C2-A2 -> 0
A3: 1000 | B3: =2*A3/'Radar Inputs'!$B$2*1000000 -> 6.6666667 | C3: ='Radar Inputs'!$B$2*B3/1000000/2 -> 1000 | D3: =(1000/A3)^4 -> 1 | E3: =10*LOG10(D3) -> 0 | F3: =-20 -> -20 | G3: =IF(E3>=F3,"Above Threshold","Below Threshold") -> Above Threshold | H3: =C3-A3 -> 0
A4: 1500 | B4: =2*A4/'Radar Inputs'!$B$2*1000000 -> 10 | C4: ='Radar Inputs'!$B$2*B4/1000000/2 -> 1500 | D4: =(1000/A4)^4 -> 0.19753086 | E4: =10*LOG10(D4) -> -7.0436504 | F4: =-20 -> -20 | G4: =IF(E4>=F4,"Above Threshold","Below Threshold") -> Above Threshold | H4: =C4-A4 -> 0
A5: 2000 | B5: =2*A5/'Radar Inputs'!$B$2*1000000 -> 13.333333 | C5: ='Radar Inputs'!$B$2*B5/1000000/2 -> 2000 | D5: =(1000/A5)^4 -> 0.0625 | E5: =10*LOG10(D5) -> -12.0412 | F5: =-20 -> -20 | G5: =IF(E5>=F5,"Above Threshold","Below Threshold") -> Above Threshold | H5: =C5-A5 -> 0
A6: 2500 | B6: =2*A6/'Radar Inputs'!$B$2*1000000 -> 16.666667 | C6: ='Radar Inputs'!$B$2*B6/1000000/2 -> 2500 | D6: =(1000/A6)^4 -> 0.0256 | E6: =10*LOG10(D6) -> -15.9176 | F6: =-20 -> -20 | G6: =IF(E6>=F6,"Above Threshold","Below Threshold") -> Above Threshold | H6: =C6-A6 -> 0
A7: 3000 | B7: =2*A7/'Radar Inputs'!$B$2*1000000 -> 20 | C7: ='Radar Inputs'!$B$2*B7/1000000/2 -> 3000 | D7: =(1000/A7)^4 -> 0.012345679 | E7: =10*LOG10(D7) -> -19.08485 | F7: =-20 -> -20 | G7: =IF(E7>=F7,"Above Threshold","Below Threshold") -> Above Threshold | H7: =C7-A7 -> 0
A8: 3500 | B8: =2*A8/'Radar Inputs'!$B$2*1000000 -> 23.333333 | C8: ='Radar Inputs'!$B$2*B8/1000000/2 -> 3500 | D8: =(1000/A8)^4 -> 0.00666389 | E8: =10*LOG10(D8) -> -21.762722 | F8: =-20 -> -20 | G8: =IF(E8>=F8,"Above Threshold","Below Threshold") -> Below Threshold | H8: =C8-A8 -> 0
A9: 4000 | B9: =2*A9/'Radar Inputs'!$B$2*1000000 -> 26.666667 | C9: ='Radar Inputs'!$B$2*B9/1000000/2 -> 4000 | D9: =(1000/A9)^4 -> 0.00390625 | E9: =10*LOG10(D9) -> -24.0824 | F9: =-20 -> -20 | G9: =IF(E9>=F9,"Above Threshold","Below Threshold") -> Below Threshold | H9: =C9-A9 -> 0
A10: 4500 | B10: =2*A10/'Radar Inputs'!$B$2*1000000 -> 30 | C10: ='Radar Inputs'!$B$2*B10/1000000/2 -> 4500 | D10: =(1000/A10)^4 -> 0.0024386526 | E10: =10*LOG10(D10) -> -26.128501 | F10: =-20 -> -20 | G10: =IF(E10>=F10,"Above Threshold","Below Threshold") -> Below Threshold | H10: =C10-A10 -> 0
A11: 5000 | B11: =2*A11/'Radar Inputs'!$B$2*1000000 -> 33.333333 | C11: ='Radar Inputs'!$B$2*B11/1000000/2 -> 5000 | D11: =(1000/A11)^4 -> 0.0016 | E11: =10*LOG10(D11) -> -27.9588 | F11: =-20 -> -20 | G11: =IF(E11>=F11,"Above Threshold","Below Threshold") -> Below Threshold | H11: =C11-A11 -> 0

Sheet Integrated Noise Simulation
A1: Measurement | B1: Actual Target Range(m) | C1: Ideal Round Trip Time(us) | D1: Measured Round Trip Time(us) | E1: Estimated Range(m) | F1: Range Error(m) | G1: Absolute Error(m) | H1: Relative Received Power | I1: Relative Power(dB) | J1: Detection Threshold(dB) | K1: Detection Status
A2: =ROW()-1 -> 1 | B2: ='Radar Inputs'!$B$3 -> 3000 | C2: =2*B2/'Radar Inputs'!$B$2*1000000 -> 20 | D2: =C2+_xlfn.NORM.S.INV(RAND())*'Radar Inputs'!$B$4 -> 20.010476 | E2: ='Radar Inputs'!$B$2*D2/1000000/2 -> 3001.5713 | F2: =E2-B2 -> 1.5713451 | G2: =ABS(F2) -> 1.5713451 | H2: =(1000/E2)^4 -> 0.012319847 | I2: =10*LOG10(H2) -> -19.093947 | J2: =-20 -> -20 | K2: =IF(I2>=J2,"Above Threshold","Below Threshold") -> Above Threshold
A3: =ROW()-1 -> 2 | B3: ='Radar Inputs'!$B$3 -> 3000 | C3: =2*B3/'Radar Inputs'!$B$2*1000000 -> 20 | D3: =C3+_xlfn.NORM.S.INV(RAND())*'Radar Inputs'!$B$4 -> 19.992774 | E3: ='Radar Inputs'!$B$2*D3/1000000/2 -> 2998.9161 | F3: =E3-B3 -> -1.0839344 | G3: =ABS(F3) -> 1.0839344 | H3: =(1000/E3)^4 -> 0.012363538 | I3: =10*LOG10(H3) -> -19.078572 | J3: =-20 -> -20 | K3: =IF(I3>=J3,"Above Threshold","Below Threshold") -> Above Threshold
A4: =ROW()-1 -> 3 | B4: ='Radar Inputs'!$B$3 -> 3000 | C4: =2*B4/'Radar Inputs'!$B$2*1000000 -> 20 | D4: =C4+_xlfn.NORM.S.INV(RAND())*'Radar Inputs'!$B$4 -> 20.000996 | E4: ='Radar Inputs'!$B$2*D4/1000000/2 -> 3000.1494 | F4: =E4-B4 -> 0.14935319 | G4: =ABS(F4) -> 0.14935319 | H4: =(1000/E4)^4 -> 0.012343221 | I4: =10*LOG10(H4) -> -19.085715 | J4: =-20 -> -20 | K4: =IF(I4>=J4,"Above Threshold","Below Threshold") -> Above Threshold
A5: =ROW()-1 -> 4 | B5: ='Radar Inputs'!$B$3 -> 3000 | C5: =2*B5/'Radar Inputs'!$B$2*1000000 -> 20 | D5: =C5+_xlfn.NORM.S.INV(RAND())*'Radar Inputs'!$B$4 -> 20.007884 | E5: ='Radar Inputs'!$B$2*D5/1000000/2 -> 3001.1826 | F5: =E5-B5 -> 1.1825732 | G5: =ABS(F5) -> 1.1825732 | H5: =(1000/E5)^4 -> 0.012326232 | I5: =10*LOG10(H5) -> -19.091697 | J5: =-20 -> -20 | K5: =IF(I5>=J5,"Above Threshold","Below Threshold") -> Above Threshold
A6: =ROW()-1 -> 5 | B6: ='Radar Inputs'!$B$3 -> 3000 | C6: =2*B6/'Radar Inputs'!$B$2*1000000 -> 20 | D6: =C6+_xlfn.NORM.S.INV(RAND())*'Radar Inputs'!$B$4 -> 19.995178 | E6: ='Radar Inputs'!$B$2*D6/1000000/2 -> 2999.2766 | F6: =E6-B6 -> -0.72335917 | G6: =ABS(F6) -> 0.72335917 | H6: =(1000/E6)^4 -> 0.012357593 | I6: =10*LOG10(H6) -> -19.080661 | J6: =-20 -> -20 | K6: =IF(I6>=J6,"Above Threshold","Below Threshold") -> Above Threshold
A7: =ROW()-1 -> 6 | B7: ='Radar Inputs'!$B$3 -> 3000 | C7: =2*B7/'Radar Inputs'!$B$2*1000000 -> 20 | D7: =C7+_xlfn.NORM.S.INV(RAND())*'Radar Inputs'!$B$4 -> 19.9939 | E7: ='Radar Inputs'!$B$2*D7/1000000/2 -> 2999.085 | F7: =E7-B7 -> -0.91504562 | G7: =ABS(F7) -> 0.91504562 | H7: =(1000/E7)^4 -> 0.012360753 | I7: =10*LOG10(H7) -> -19.079551 | J7: =-20 -> -20 | K7: =IF(I7>=J7,"Above Threshold","Below Threshold") -> Above Threshold
A8: =ROW()-1 -> 7 | B8: ='Radar Inputs'!$B$3 -> 3000 | C8: =2*B8/'Radar Inputs'!$B$2*1000000 -> 20 | D8: =C8+_xlfn.NORM.S.INV(RAND())*'Radar Inputs'!$B$4 -> 20.008665 | E8: ='Radar Inputs'!$B$2*D8/1000000/2 -> 3001.2997 | F8: =E8-B8 -> 1.2997204 | G8: =ABS(F8) -> 1.2997204 | H8: =(1000/E8)^4 -> 0.012324308 | I8: =10*LOG10(H8) -> -19.092375 | J8: =-20 -> -20 | K8: =IF(I8>=J8,"Above Threshold","Below Threshold") -> Above Threshold
A9: =ROW()-1 -> 8 | B9: ='Radar Inputs'!$B$3 -> 3000 | C9: =2*B9/'Radar Inputs'!$B$2*1000000 -> 20 | D9: =C9+_xlfn.NORM.S.INV(RAND())*'Radar Inputs'!$B$4 -> 20.003065 | E9: ='Radar Inputs'!$B$2*D9/1000000/2 -> 3000.4597 | F9: =E9-B9 -> 0.45973125 | G9: =ABS(F9) -> 0.45973125 | H9: =(1000/E9)^4 -> 0.012338114 | I9: =10*LOG10(H9) -> -19.087512 | J9: =-20 -> -20 | K9: =IF(I9>=J9,"Above Threshold","Below Threshold") -> Above Threshold
A10: =ROW()-1 -> 9 | B10: ='Radar Inputs'!$B$3 -> 3000 | C10: =2*B10/'Radar Inputs'!$B$2*1000000 -> 20 | D10: =C10+_xlfn.NORM.S.INV(RAND())*'Radar Inputs'!$B$4 -> 19.994384 | E10: ='Radar Inputs'!$B$2*D10/1000000/2 -> 2999.1576 | F10: =E10-B10 -> -0.8423981 | G10: =ABS(F10) -> 0.8423981 | H10: =(1000/E10)^4 -> 0.012359555 | I10: =10*LOG10(H10) -> -19.079972 | J10: =-20 -> -20 | K10: =IF(I10>=J10,"Above Threshold","Below Threshold") -> Above Threshold
A11: =ROW()-1 -> 10 | B11: ='Radar Inputs'!$B$3 -> 3000 | C11: =2*B11/'Radar Inputs'!$B$2*1000000 -> 20 | D11: =C11+_xlfn.NORM.S.INV(RAND())*'Radar Inputs'!$B$4 -> 20.021172 | E11: ='Radar Inputs'!$B$2*D11/1000000/2 -> 3003.1758 | F11: =E11-B11 -> 3.1758026 | G11: =ABS(F11) -> 3.1758026 | H11: =(1000/E11)^4 -> 0.01229354 | I11: =10*LOG10(H11) -> -19.10323 | J11: =-20 -> -20 | K11: =IF(I11>=J11,"Above Threshold","Below Threshold") -> Above Threshold

Sheet Integrated Noise Analysis
A1: Perfomance Metric | B1: Result | C1: Unit
A2: Actual Target Range | B2: ='Radar Inputs'!B3 -> 3000 | C2: m
A3: Average Estimated Range | B3: =AVERAGE('Integrated Noise Simulation'!E2:E11) -> 3000.4274 | C3: m
A4: Average Signed Error | B4: =AVERAGE('Integrated Noise Simulation'!F2:F11) -> 0.42737885 | C4: m
A5: Mean Absolute Error | B5: =AVERAGE('Integrated Noise Simulation'!G2:G11) -> 1.1403263 | C5: m
A6: Root Mean Square Error | B6: =SQRT(SUMSQ('Integrated Noise Simulation'!F2:F11)/COUNT('Integrated Noise Simulation'!F2:F11)) -> 1.3828002 | C6: m
A7: Standard Deviation of Range Error | B7: =_xlfn.STDEV.S('Integrated Noise Simulation'!F2:F11) -> 1.3862354 | C7: m
A8: Maximum Absolute Error | B8: =MAX('Integrated Noise Simulation'!G2:G11) -> 3.1758026 | C8: m
A9: Minimum Estimated Range | B9: =MIN('Integrated Noise Simulation'!E2:E11) -> 2998.9161 | C9: m
A10: Maximum Estimated Range | B10: =MAX('Integrated Noise Simulation'!E2:E11) -> 3003.1758 | C10: m
A11: Measurements Above Threshold | B11: =COUNTIF('Integrated Noise Simulation'!K2:K11,"Above Threshold") -> 10 | C11: measurements
A12: Measurements Below Threshold | B12: =COUNTIF('Integrated Noise Simulation'!K2:K11,"Below Threshold") -> 0 | C12: measurements

Sheet Radar Perfomance Summary
A1: Perfomance Metric | B1: Result | C1: Unit | D1: Interpretation
A2: Actual Target Range | B2: ='Radar Inputs'!B3 -> 3000 | C2: m | D2: Reference distance used to evaluate the accuracy of the radar range estimation model.
A3: Average Estimated Range | B3: =AVERAGE('Integrated Noise Simulation'!E2:E11) -> 3000.4274 | C3: m | D3: Average distance estimated by the model across all simulated measurements.
A4: Average Signed Range Error | B4: =AVERAGE('Integrated Noise Simulation'!F2:F11) -> 0.42737885 | C4: m | D4: indicates systematic bias,A positive value means the model tends to overestimate range and negative value means it tends to underestimate range.
A5: Mean Absolute Error(MAE) | B5: =AVERAGE('Integrated Noise Simulation'!G2:G11) -> 1.1403263 | C5: m | D5: Average magnitude of the range estimation errors regardless of direction,Lower values indicate better accuracy.
A6: Root Mean Square Error(RMSE) | B6: =SQRT(SUMSQ('Integrated Noise Simulation'!F2:F11)/COUNT('Integrated Noise Simulation'!F2:F11)) -> 1.3828002 | C6: m | D6: Measures the magnitude of estimation errors while giving greater weight to larger errors.Lower values indicate better accuracy
A7: Standard Deviation of Range Error | B7: =_xlfn.STDEV.S('Integrated Noise Simulation'!F2:F11) -> 1.3862354 | C7: m | D7: Measures the spread of errors around their mean,A lower value indicates more consistent estimates.
A8: Maximum Absolute Error | B8: =MAX('Integrated Noise Simulation'!G2:G11) -> 3.1758026 | C8: m | D8: Largest absolute range estimation error observed in the simulation.
A9: Minimum Estimated Range | B9: =MIN('Integrated Noise Simulation'!E2:E11) -> 2998.9161 | C9: m | D9: Lowest target range estimated across the simulated measurements.
A10: Maximum Estimated Range | B10: =MAX('Integrated Noise Simulation'!E2:E11) -> 3003.1758 | C10: m | D10: Highest target range estimated across the simulated measurements.
A11: Measurements Above Detection Threshold | B11: =COUNTIF('Integrated Noise Simulation'!K2:K11,"Above Threshold") -> 10 | C11: measurements | D11: Number of simulated measurements classified as above the selected detection threshold.
A12: Measurements Below Detection Threshold | B12: =COUNTIF('Integrated Noise Simulation'!K2:K11,"Below Threshold") -> 0 | C12: measurements | D12: Number of simulated measurements classified as below the selected detection threshold.

Sheet Scenario Comparison
A1: Scenario | B1: Timing Noise Std Dev(us) | C1: Actual Target Range(m) | D1: Average Estimated Range(m) | E1: Average Signed Error(m) | F1: Mean Absolute Error(m) | G1: RMSE(M) | H1: Error Standard Deviation(m)
A2: Low Noise | B2: 0.01 | C2: ='Radar Inputs'!$B$3 -> 3000 | D2: =C2 -> 3000 | E2: =0 -> 0 | F2: ='Radar Inputs'!$B$2*B2/1000000/2*SQRT(2/PI()) -> 1.1968268 | G2: ='Radar Inputs'!$B$2*B2/1000000/2 -> 1.5 | H2: ='Radar Inputs'!$B$2*B2/1000000/2 -> 1.5
A3: Moderate Noise | B3: 0.1 | C3: ='Radar Inputs'!$B$3 -> 3000 | D3: =C3 -> 3000 | E3: =0 -> 0 | F3: ='Radar Inputs'!$B$2*B3/1000000/2*SQRT(2/PI()) -> 11.968268 | G3: ='Radar Inputs'!$B$2*B3/1000000/2 -> 15 | H3: ='Radar Inputs'!$B$2*B3/1000000/2 -> 15
A4: High Noise | B4: 0.5 | C4: ='Radar Inputs'!$B$3 -> 3000 | D4: =C4 -> 3000 | E4: =0 -> 0 | F4: ='Radar Inputs'!$B$2*B4/1000000/2*SQRT(2/PI()) -> 59.841342 | G4: ='Radar Inputs'!$B$2*B4/1000000/2 -> 75 | H4: ='Radar Inputs'!$B$2*B4/1000000/2 -> 75

Sheet Radar Model Validation
A1: Test ID | B1: Validation Test | C1: Expected Result | D1: Actual Result | E1: Validation Status | F1: Technical Explanation
A2: TEST-01 | B2: Range Calculation | C2: 3000 | D2: ='Integrated Radar Model'!C7 -> 3000 | E2: =IF(ABS(D2-C2)<0.001,"PASS","FAIL") -> PASS | F2: Estimated range should equal the actual range when timing noise is zero.
A3: TEST-02 | B3: Theoretical Range Error | C3: 15 | D3: ='Radar Inputs'!B2*'Radar Inputs'!B4/1000000/2 -> 1.5 | E3: =IF(ABS(D3-C3)<0.001,"PASS","FAIL") -> FAIL | F3: A timing noise standard deviation of 0.1 us corresponds to a range error standard deviation of 15m.
A4: TEST-03 | B4: Received Power at Reference Range | C4: 1 | D4: =(1000/1000)^4 -> 1 | E4: =IF(ABS(D4-C4)<0.000001,"PASS","FAIL") -> PASS | F4: Relative received power should equal 1 at the 1,000 m reference range.
A5: TEST-04 | B5: Detection Above Threshold | C5: Above Threshold | D5: =IF(-19>=20,"Above Threshold","Below Threshold") -> Below Threshold | E5: =IF(D5=C5,"PASS","FAIL") -> FAIL | F5: A signal stronger than the selected threshold should be classified as above threshold.
A6: TEST-05 | B6: Detection Below Threshold | C6: Below Threshold | D6: =IF(-25>=-20,"Above Threshold","Below Threshold") -> Below Threshold | E6: =IF(D6=C6,"PASS","FAIL") -> PASS | F6: A signal weaker than the selected threshold should be classified as below threshold.
A7: TEST-06 | B7: Measurement Count | C7: 10 | D7: =COUNT('Integrated Noise Simulation'!A2:A11) -> 10 | E7: =IF(D7=C7,"PASS","FAIL") -> PASS | F7: The simulation should contain ten measurement records.
